rank,uniprot_accession,organism_type,gh_family,pdb_id,foldx_mutation_code,wild_type,chain,residue_number,mutant,foldx_ddg,buildmodel_exit_code,status,work_dir,mean_vina_affinity,best_vina_affinity,docking_jobs,ligand_count,foldx_class,foldx_score,docking_score,best_docking_score,docking_complete,docking_complete_score,integrated_score,candidate_category,ml_ready_tasks,ml_skipped_tasks,workflow_mode
1,A0A0M9BNX9,bacterial,GH11,7KV0,WB211V,W,B,211,V,-0.0172052,0,ready,results/04_foldx/work/mutation_screen/A0A0M9BNX9_7KV0,-8.304499999999999,-9.165,2,2,neutral,0.9771825304158981,0.9993577392421316,1.0,True,1.0,0.9883985869805885,neutral_with_docking_support,2,2,test_mode
2,A0A0S2I9J6,bacterial,GH10,9UPA,AA353G,A,A,353,G,-0.0871928,0,ready,results/04_foldx/work/mutation_screen/A0A0S2I9J6_9UPA,-7.7715000000000005,-8.537,2,2,neutral,0.9942069682180138,0.6570327552986515,0.6654235482152377,True,1.0,0.8607556655201262,neutral_with_docking_support,2,2,test_mode
3,A0A0S2I9J6,bacterial,GH10,9UPA,AB353V,A,B,353,V,-0.111008,0,ready,results/04_foldx/work/mutation_screen/A0A0S2I9J6_9UPA,-7.506500000000001,-8.528,2,2,neutral,1.0,0.48683365446371274,0.6606286627597234,True,1.0,0.8121129626150861,neutral_with_docking_support,2,2,test_mode
4,A0A0M9BNX9,bacterial,GH11,7KV0,HB26G,H,B,26,G,2.07149,0,ready,results/04_foldx/work/mutation_screen/A0A0M9BNX9_7KV0,-8.290000000000001,-9.031,2,2,destabilising,0.4691087927826947,0.9900449582530512,0.9286094832179016,True,1.0,0.7244288321890527,lower_priority_or_destabilising,2,2,test_mode
5,A0A2T4BZZ5,fungal,GH11,8YJI,FA93G,F,A,93,G,0.515756,0,ready,results/04_foldx/work/mutation_screen/A0A2T4BZZ5_8YJI,-6.8345,-7.497,2,2,destabilising,0.8475400680319766,0.05523442517662189,0.11134789557804994,True,1.0,0.5514751511267798,lower_priority_or_destabilising,2,2,test_mode
6,A0A1L9WG58,fungal,GH10,6Q8M,VB343S,V,B,343,S,1.11226,0,ready,results/04_foldx/work/mutation_screen/A0A1L9WG58_6Q8M,-6.9975000000000005,-7.514,2,2,destabilising,0.7024408612194382,0.1599229287090562,0.1204049014384657,True,1.0,0.5112377993662826,lower_priority_or_destabilising,2,2,test_mode
7,A0A0M9BNX9,bacterial,GH11,7KV0,HA26A,H,A,26,A,4.0,0,ready,results/04_foldx/work/mutation_screen/A0A0M9BNX9_7KV0,-8.3055,-9.018,2,2,destabilising,0.0,1.0,0.9216835375599368,True,1.0,0.49216835375599366,lower_priority_or_destabilising,2,2,test_mode
8,A0A1L9WG58,fungal,GH10,6Q8M,VA343G,V,A,343,G,1.04355,0,ready,results/04_foldx/work/mutation_screen/A0A1L9WG58_6Q8M,-6.904,-7.288,2,2,destabilising,0.7191545236594042,0.09987154784842642,0.0,True,1.0,0.48953872618423,lower_priority_or_destabilising,2,2,test_mode
9,A0A0S2I9J6,bacterial,GH10,9UPA,PA1A,P,A,1,A,4.0,0,ready,results/04_foldx/work/mutation_screen/A0A0S2I9J6_9UPA,-7.7955,-8.53,2,2,destabilising,0.0,0.6724470134874756,0.6616941928609482,True,1.0,0.36790352333233745,lower_priority_or_destabilising,2,2,test_mode
10,A0A2T4BZZ5,fungal,GH11,8YJI,SA190V,S,A,190,V,1.91406,0,ready,results/04_foldx/work/mutation_screen/A0A2T4BZZ5_8YJI,-6.7485,-7.493,2,2,destabilising,0.5074035370400641,0.0,0.10921683537559947,True,1.0,0.36462345205759206,lower_priority_or_destabilising,2,2,test_mode
11,A0A1L9WG58,fungal,GH10,6Q8M,VA23A,V,A,23,A,4.0,0,ready,results/04_foldx/work/mutation_screen/A0A1L9WG58_6Q8M,-7.0120000000000005,-7.509,2,2,destabilising,0.0,0.16923570969813773,0.11774107618540235,True,1.0,0.16254482052798155,lower_priority_or_destabilising,2,2,test_mode
12,A0A2T4BZZ5,fungal,GH11,8YJI,TA2A,T,A,2,A,4.0,0,ready,results/04_foldx/work/mutation_screen/A0A2T4BZZ5_8YJI,-6.833,-7.488,2,2,destabilising,0.0,0.05427103403982031,0.10655301012253612,True,1.0,0.12693661122419972,lower_priority_or_destabilising,2,2,test_mode
